rel. 1/cm,CCD cts
 1.058950304E+03, 6.430000000E+02
 1.059514102E+03, 6.422000122E+02
 1.060077842E+03, 6.442000122E+02
 1.060641524E+03, 6.417999878E+02
 1.061205148E+03, 6.427999878E+02
 1.061768714E+03, 6.465999756E+02
 1.062332222E+03, 6.454000244E+02
 1.062895671E+03, 6.464000244E+02
 1.063459063E+03, 6.447999878E+02
 1.064022396E+03, 6.427999878E+02
 1.064585671E+03, 6.420000000E+02
 1.065148888E+03, 6.452000122E+02
 1.065712047E+03, 6.432000122E+02
 1.066275148E+03, 6.442000122E+02
 1.066838191E+03, 6.415999756E+02
 1.067401176E+03, 6.407999878E+02
 1.067964103E+03, 6.430000000E+02
 1.068526971E+03, 6.405999756E+02
 1.069089782E+03, 6.427999878E+02
 1.069652535E+03, 6.464000244E+02
 1.070215229E+03, 6.464000244E+02
 1.070777866E+03, 6.412000122E+02
 1.071340444E+03, 6.445999756E+02
 1.071902965E+03, 6.420000000E+02
 1.072465427E+03, 6.420000000E+02
 1.073027831E+03, 6.402000122E+02
 1.073590178E+03, 6.417999878E+02
 1.074152466E+03, 6.400000000E+02
 1.074714696E+03, 6.444000244E+02
 1.075276868E+03, 6.425999756E+02
 1.075838983E+03, 6.445999756E+02
 1.076401039E+03, 6.435999756E+02
 1.076963037E+03, 6.420000000E+02
 1.077524977E+03, 6.402000122E+02
 1.078086860E+03, 6.427999878E+02
 1.078648684E+03, 6.414000244E+02
 1.079210450E+03, 6.454000244E+02
 1.079772159E+03, 6.434000244E+02
 1.080333809E+03, 6.427999878E+02
 1.080895401E+03, 6.387999878E+02
 1.081456936E+03, 6.430000000E+02
 1.082018412E+03, 6.424000244E+02
 1.082579831E+03, 6.415999756E+02
 1.083141191E+03, 6.437999878E+02
 1.083702494E+03, 6.417999878E+02
 1.084263738E+03, 6.440000000E+02
 1.084824925E+03, 6.405999756E+02
 1.085386054E+03, 6.424000244E+02
 1.085947125E+03, 6.394000244E+02
 1.086508138E+03, 6.437999878E+02
 1.087069093E+03, 6.395999756E+02
 1.087629990E+03, 6.432000122E+02
 1.088190829E+03, 6.432000122E+02
 1.088751610E+03, 6.384000244E+02
 1.089312333E+03, 6.424000244E+02
 1.089872999E+03, 6.390000000E+02
 1.090433606E+03, 6.402000122E+02
 1.090994156E+03, 6.367999878E+02
 1.091554647E+03, 6.397999878E+02
 1.092115081E+03, 6.377999878E+02
 1.092675457E+03, 6.425999756E+02
 1.093235775E+03, 6.395999756E+02
 1.093796036E+03, 6.444000244E+02
 1.094356238E+03, 6.407999878E+02
 1.094916382E+03, 6.420000000E+02
 1.095476469E+03, 6.412000122E+02
 1.096036498E+03, 6.400000000E+02
 1.096596469E+03, 6.410000000E+02
 1.097156382E+03, 6.374000244E+02
 1.097716237E+03, 6.422000122E+02
 1.098276034E+03, 6.432000122E+02
 1.098835774E+03, 6.435999756E+02
 1.099395455E+03, 6.434000244E+02
 1.099955079E+03, 6.415999756E+02
 1.100514645E+03, 6.420000000E+02
 1.101074154E+03, 6.415999756E+02
 1.101633604E+03, 6.425999756E+02
 1.102192997E+03, 6.445999756E+02
 1.102752331E+03, 6.424000244E+02
 1.103311608E+03, 6.414000244E+02
 1.103870828E+03, 6.420000000E+02
 1.104429989E+03, 6.404000244E+02
 1.104989093E+03, 6.422000122E+02
 1.105548138E+03, 6.445999756E+02
 1.106107127E+03, 6.400000000E+02
 1.106666057E+03, 6.445999756E+02
 1.107224929E+03, 6.415999756E+02
 1.107783744E+03, 6.420000000E+02
 1.108342501E+03, 6.402000122E+02
 1.108901200E+03, 6.415999756E+02
 1.109459842E+03, 6.420000000E+02
 1.110018425E+03, 6.397999878E+02
 1.110576951E+03, 6.430000000E+02
 1.111135419E+03, 6.387999878E+02
 1.111693830E+03, 6.410000000E+02
 1.112252183E+03, 6.404000244E+02
 1.112810478E+03, 6.392000122E+02
 1.113368715E+03, 6.444000244E+02
 1.113926895E+03, 6.420000000E+02
 1.114485016E+03, 6.394000244E+02
 1.115043080E+03, 6.427999878E+02
 1.115601087E+03, 6.440000000E+02
 1.116159036E+03, 6.417999878E+02
 1.116716927E+03, 6.394000244E+02
 1.117274760E+03, 6.424000244E+02
 1.117832536E+03, 6.422000122E+02
 1.118390254E+03, 6.392000122E+02
 1.118947914E+03, 6.410000000E+02
 1.119505516E+03, 6.432000122E+02
 1.120063061E+03, 6.395999756E+02
 1.120620548E+03, 6.404000244E+02
 1.121177978E+03, 6.395999756E+02
 1.121735350E+03, 6.430000000E+02
 1.122292664E+03, 6.417999878E+02
 1.122849921E+03, 6.414000244E+02
 1.123407120E+03, 6.425999756E+02
 1.123964261E+03, 6.437999878E+02
 1.124521345E+03, 6.405999756E+02
 1.125078371E+03, 6.432000122E+02
 1.125635339E+03, 6.387999878E+02
 1.126192250E+03, 6.424000244E+02
 1.126749103E+03, 6.427999878E+02
 1.127305898E+03, 6.445999756E+02
 1.127862636E+03, 6.424000244E+02
 1.128419316E+03, 6.412000122E+02
 1.128975939E+03, 6.410000000E+02
 1.129532504E+03, 6.397999878E+02
 1.130089012E+03, 6.384000244E+02
 1.130645461E+03, 6.425999756E+02
 1.131201854E+03, 6.384000244E+02
 1.131758188E+03, 6.424000244E+02
 1.132314465E+03, 6.444000244E+02
 1.132870685E+03, 6.405999756E+02
 1.133426847E+03, 6.407999878E+02
 1.133982951E+03, 6.422000122E+02
 1.134538998E+03, 6.404000244E+02
 1.135094987E+03, 6.417999878E+02
 1.135650919E+03, 6.420000000E+02
 1.136206793E+03, 6.417999878E+02
 1.136762610E+03, 6.455999756E+02
 1.137318369E+03, 6.375999756E+02
 1.137874070E+03, 6.400000000E+02
 1.138429714E+03, 6.412000122E+02
 1.138985301E+03, 6.405999756E+02
 1.139540830E+03, 6.390000000E+02
 1.140096301E+03, 6.410000000E+02
 1.140651715E+03, 6.422000122E+02
 1.141207071E+03, 6.424000244E+02
 1.141762370E+03, 6.382000122E+02
 1.142317611E+03, 6.427999878E+02
 1.142872795E+03, 6.402000122E+02
 1.143427921E+03, 6.402000122E+02
 1.143982990E+03, 6.410000000E+02
 1.144538002E+03, 6.414000244E+02
 1.145092955E+03, 6.407999878E+02
 1.145647852E+03, 6.395999756E+02
 1.146202691E+03, 6.435999756E+02
 1.146757472E+03, 6.424000244E+02
 1.147312196E+03, 6.430000000E+02
 1.147866862E+03, 6.405999756E+02
 1.148421471E+03, 6.422000122E+02
 1.148976023E+03, 6.430000000E+02
 1.149530517E+03, 6.405999756E+02
 1.150084954E+03, 6.395999756E+02
 1.150639333E+03, 6.412000122E+02
 1.151193655E+03, 6.427999878E+02
 1.151747919E+03, 6.400000000E+02
 1.152302126E+03, 6.430000000E+02
 1.152856275E+03, 6.400000000E+02
 1.153410368E+03, 6.424000244E+02
 1.153964402E+03, 6.402000122E+02
 1.154518379E+03, 6.385999756E+02
 1.155072299E+03, 6.424000244E+02
 1.155626162E+03, 6.410000000E+02
 1.156179967E+03, 6.407999878E+02
 1.156733714E+03, 6.390000000E+02
 1.157287404E+03, 6.400000000E+02
 1.157841037E+03, 6.415999756E+02
 1.158394613E+03, 6.390000000E+02
 1.158948131E+03, 6.390000000E+02
 1.159501591E+03, 6.407999878E+02
 1.160054995E+03, 6.417999878E+02
 1.160608341E+03, 6.407999878E+02
 1.161161629E+03, 6.425999756E+02
 1.161714860E+03, 6.415999756E+02
 1.162268034E+03, 6.387999878E+02
 1.162821151E+03, 6.430000000E+02
 1.163374210E+03, 6.390000000E+02
 1.163927212E+03, 6.405999756E+02
 1.164480156E+03, 6.435999756E+02
 1.165033043E+03, 6.412000122E+02
 1.165585873E+03, 6.397999878E+02
 1.166138646E+03, 6.422000122E+02
 1.166691361E+03, 6.390000000E+02
 1.167244019E+03, 6.395999756E+02
 1.167796619E+03, 6.410000000E+02
 1.168349162E+03, 6.430000000E+02
 1.168901648E+03, 6.410000000E+02
 1.169454077E+03, 6.425999756E+02
 1.170006448E+03, 6.422000122E+02
 1.170558762E+03, 6.417999878E+02
 1.171111019E+03, 6.440000000E+02
 1.171663218E+03, 6.532000122E+02
 1.172215361E+03, 6.404000244E+02
 1.172767445E+03, 6.390000000E+02
 1.173319473E+03, 6.400000000E+02
 1.173871443E+03, 6.417999878E+02
 1.174423356E+03, 6.437999878E+02
 1.174975212E+03, 6.394000244E+02
 1.175527011E+03, 6.404000244E+02
 1.176078752E+03, 6.425999756E+02
 1.176630436E+03, 6.390000000E+02
 1.177182063E+03, 6.394000244E+02
 1.177733633E+03, 6.422000122E+02
 1.178285145E+03, 6.387999878E+02
 1.178836600E+03, 6.417999878E+02
 1.179387998E+03, 6.392000122E+02
 1.179939339E+03, 6.417999878E+02
 1.180490622E+03, 6.434000244E+02
 1.181041848E+03, 6.405999756E+02
 1.181593017E+03, 6.397999878E+02
 1.182144129E+03, 6.392000122E+02
 1.182695184E+03, 6.394000244E+02
 1.183246181E+03, 6.394000244E+02
 1.183797122E+03, 6.382000122E+02
 1.184348005E+03, 6.432000122E+02
 1.184898831E+03, 6.397999878E+02
 1.185449599E+03, 6.400000000E+02
 1.186000311E+03, 6.444000244E+02
 1.186550965E+03, 6.400000000E+02
 1.187101562E+03, 6.444000244E+02
 1.187652102E+03, 6.404000244E+02
 1.188202585E+03, 6.397999878E+02
 1.188753011E+03, 6.420000000E+02
 1.189303379E+03, 6.374000244E+02
 1.189853691E+03, 6.420000000E+02
 1.190403945E+03, 6.415999756E+02
 1.190954142E+03, 6.407999878E+02
 1.191504282E+03, 6.382000122E+02
 1.192054365E+03, 6.425999756E+02
 1.192604391E+03, 6.412000122E+02
 1.193154359E+03, 6.410000000E+02
 1.193704271E+03, 6.392000122E+02
 1.194254125E+03, 6.422000122E+02
 1.194803922E+03, 6.412000122E+02
 1.195353663E+03, 6.415999756E+02
 1.195903346E+03, 6.430000000E+02
 1.196452972E+03, 6.384000244E+02
 1.197002541E+03, 6.445999756E+02
 1.197552052E+03, 6.434000244E+02
 1.198101507E+03, 6.432000122E+02
 1.198650905E+03, 6.444000244E+02
 1.199200245E+03, 6.412000122E+02
 1.199749529E+03, 6.414000244E+02
 1.200298755E+03, 6.420000000E+02
 1.200847924E+03, 6.410000000E+02
 1.201397037E+03, 6.434000244E+02
 1.201946092E+03, 6.415999756E+02
 1.202495090E+03, 6.414000244E+02
 1.203044031E+03, 6.415999756E+02
 1.203592915E+03, 6.430000000E+02
 1.204141742E+03, 6.435999756E+02
 1.204690512E+03, 6.424000244E+02
 1.205239225E+03, 6.415999756E+02
 1.205787881E+03, 6.424000244E+02
 1.206336480E+03, 6.394000244E+02
 1.206885022E+03, 6.414000244E+02
 1.207433507E+03, 6.420000000E+02
 1.207981935E+03, 6.414000244E+02
 1.208530306E+03, 6.407999878E+02
 1.209078620E+03, 6.427999878E+02
 1.209626877E+03, 6.414000244E+02
 1.210175077E+03, 6.410000000E+02
 1.210723220E+03, 6.430000000E+02
 1.211271306E+03, 6.404000244E+02
 1.211819335E+03, 6.425999756E+02
 1.212367307E+03, 6.400000000E+02
 1.212915222E+03, 6.395999756E+02
 1.213463080E+03, 6.400000000E+02
 1.214010881E+03, 6.402000122E+02
 1.214558625E+03, 6.442000122E+02
 1.215106312E+03, 6.394000244E+02
 1.215653942E+03, 6.420000000E+02
 1.216201516E+03, 6.414000244E+02
 1.216749032E+03, 6.422000122E+02
 1.217296492E+03, 6.382000122E+02
 1.217843894E+03, 6.435999756E+02
 1.218391240E+03, 6.427999878E+02
 1.218938528E+03, 6.442000122E+02
 1.219485760E+03, 6.392000122E+02
 1.220032935E+03, 6.385999756E+02
 1.220580053E+03, 6.414000244E+02
 1.221127114E+03, 6.404000244E+02
 1.221674118E+03, 6.404000244E+02
 1.222221065E+03, 6.435999756E+02
 1.222767955E+03, 6.420000000E+02
 1.223314788E+03, 6.382000122E+02
 1.223861565E+03, 6.420000000E+02
 1.224408284E+03, 6.397999878E+02
 1.224954947E+03, 6.405999756E+02
 1.225501553E+03, 6.402000122E+02
 1.226048102E+03, 6.407999878E+02
 1.226594594E+03, 6.407999878E+02
 1.227141029E+03, 6.430000000E+02
 1.227687408E+03, 6.420000000E+02
 1.228233729E+03, 6.402000122E+02
 1.228779994E+03, 6.404000244E+02
 1.229326202E+03, 6.435999756E+02
 1.229872353E+03, 6.404000244E+02
 1.230418447E+03, 6.417999878E+02
 1.230964484E+03, 6.420000000E+02
 1.231510465E+03, 6.414000244E+02
 1.232056389E+03, 6.404000244E+02
 1.232602255E+03, 6.402000122E+02
 1.233148066E+03, 6.465999756E+02
 1.233693819E+03, 6.424000244E+02
 1.234239515E+03, 6.397999878E+02
 1.234785155E+03, 6.422000122E+02
 1.235330738E+03, 6.415999756E+02
 1.235876264E+03, 6.400000000E+02
 1.236421733E+03, 6.410000000E+02
 1.236967145E+03, 6.422000122E+02
 1.237512501E+03, 6.392000122E+02
 1.238057800E+03, 6.422000122E+02
 1.238603042E+03, 6.430000000E+02
 1.239148227E+03, 6.414000244E+02
 1.239693356E+03, 6.445999756E+02
 1.240238428E+03, 6.410000000E+02
 1.240783443E+03, 6.427999878E+02
 1.241328401E+03, 6.414000244E+02
 1.241873303E+03, 6.392000122E+02
 1.242418147E+03, 6.410000000E+02
 1.242962935E+03, 6.442000122E+02
 1.243507667E+03, 6.430000000E+02
 1.244052341E+03, 6.414000244E+02
 1.244596959E+03, 6.397999878E+02
 1.245141520E+03, 6.405999756E+02
 1.245686025E+03, 6.424000244E+02
 1.246230473E+03, 6.442000122E+02
 1.246774864E+03, 6.392000122E+02
 1.247319198E+03, 6.427999878E+02
 1.247863475E+03, 6.397999878E+02
 1.248407696E+03, 6.387999878E+02
 1.248951860E+03, 6.417999878E+02
 1.249495968E+03, 6.407999878E+02
 1.250040019E+03, 6.404000244E+02
 1.250584013E+03, 6.442000122E+02
 1.251127950E+03, 6.424000244E+02
 1.251671831E+03, 6.422000122E+02
 1.252215655E+03, 6.434000244E+02
 1.252759423E+03, 6.425999756E+02
 1.253303133E+03, 6.434000244E+02
 1.253846787E+03, 6.462000122E+02
 1.254390385E+03, 6.425999756E+02
 1.254933926E+03, 6.412000122E+02
 1.255477410E+03, 6.414000244E+02
 1.256020837E+03, 6.450000000E+02
 1.256564208E+03, 6.442000122E+02
 1.257107523E+03, 6.444000244E+02
 1.257650780E+03, 6.407999878E+02
 1.258193981E+03, 6.450000000E+02
 1.258737126E+03, 6.434000244E+02
 1.259280213E+03, 6.502000122E+02
 1.259823244E+03, 6.644000244E+02
 1.260366219E+03, 6.522000122E+02
 1.260909137E+03, 6.435999756E+02
 1.261451998E+03, 6.425999756E+02
 1.261994803E+03, 6.430000000E+02
 1.262537551E+03, 6.435999756E+02
 1.263080243E+03, 6.415999756E+02
 1.263622878E+03, 6.390000000E+02
 1.264165456E+03, 6.414000244E+02
 1.264707978E+03, 6.435999756E+02
 1.265250443E+03, 6.435999756E+02
 1.265792852E+03, 6.427999878E+02
 1.266335204E+03, 6.410000000E+02
 1.266877499E+03, 6.410000000E+02
 1.267419738E+03, 6.380000000E+02
 1.267961921E+03, 6.397999878E+02
 1.268504047E+03, 6.407999878E+02
 1.269046116E+03, 6.435999756E+02
 1.269588129E+03, 6.400000000E+02
 1.270130085E+03, 6.422000122E+02
 1.270671985E+03, 6.397999878E+02
 1.271213828E+03, 6.430000000E+02
 1.271755615E+03, 6.405999756E+02
 1.272297345E+03, 6.410000000E+02
 1.272839019E+03, 6.420000000E+02
 1.273380636E+03, 6.437999878E+02
 1.273922197E+03, 6.415999756E+02
 1.274463701E+03, 6.445999756E+02
 1.275005149E+03, 6.454000244E+02
 1.275546540E+03, 6.395999756E+02
 1.276087875E+03, 6.432000122E+02
 1.276629153E+03, 6.400000000E+02
 1.277170375E+03, 6.427999878E+02
 1.277711540E+03, 6.400000000E+02
 1.278252649E+03, 6.442000122E+02
 1.278793701E+03, 6.545999756E+02
 1.279334697E+03, 6.940000000E+02
 1.279875636E+03, 9.257999878E+02
 1.280416519E+03, 8.742000122E+02
 1.280957346E+03, 6.792000122E+02
 1.281498116E+03, 6.515999756E+02
 1.282038829E+03, 6.447999878E+02
 1.282579486E+03, 6.465999756E+02
 1.283120087E+03, 6.404000244E+02
 1.283660632E+03, 6.414000244E+02
 1.284201119E+03, 6.402000122E+02
 1.284741551E+03, 6.420000000E+02
 1.285281926E+03, 6.410000000E+02
 1.285822245E+03, 6.440000000E+02
 1.286362507E+03, 6.414000244E+02
 1.286902713E+03, 6.405999756E+02
 1.287442862E+03, 6.427999878E+02
 1.287982955E+03, 6.387999878E+02
 1.288522992E+03, 6.407999878E+02
 1.289062972E+03, 6.397999878E+02
 1.289602896E+03, 6.442000122E+02
 1.290142763E+03, 6.414000244E+02
 1.290682574E+03, 6.435999756E+02
 1.291222329E+03, 6.410000000E+02
 1.291762027E+03, 6.437999878E+02
 1.292301669E+03, 6.404000244E+02
 1.292841255E+03, 6.414000244E+02
 1.293380784E+03, 6.427999878E+02
 1.293920257E+03, 6.415999756E+02
 1.294459674E+03, 6.422000122E+02
 1.294999034E+03, 6.425999756E+02
 1.295538338E+03, 6.427999878E+02
 1.296077586E+03, 6.412000122E+02
 1.296616777E+03, 6.440000000E+02
 1.297155912E+03, 6.412000122E+02
 1.297694990E+03, 6.395999756E+02
 1.298234013E+03, 6.422000122E+02
 1.298772979E+03, 6.415999756E+02
 1.299311888E+03, 6.387999878E+02
 1.299850741E+03, 6.420000000E+02
 1.300389539E+03, 6.412000122E+02
 1.300928279E+03, 6.430000000E+02
 1.301466964E+03, 6.430000000E+02
 1.302005592E+03, 6.407999878E+02
 1.302544164E+03, 6.464000244E+02
 1.303082679E+03, 6.427999878E+02
 1.303621139E+03, 6.405999756E+02
 1.304159542E+03, 6.407999878E+02
 1.304697889E+03, 6.392000122E+02
 1.305236179E+03, 6.382000122E+02
 1.305774413E+03, 6.400000000E+02
 1.306312591E+03, 6.412000122E+02
 1.306850713E+03, 6.402000122E+02
 1.307388779E+03, 6.440000000E+02
 1.307926788E+03, 6.390000000E+02
 1.308464741E+03, 6.404000244E+02
 1.309002638E+03, 6.434000244E+02
 1.309540478E+03, 6.434000244E+02
 1.310078262E+03, 6.437999878E+02
 1.310615991E+03, 6.427999878E+02
 1.311153662E+03, 6.424000244E+02
 1.311691278E+03, 6.437999878E+02
 1.312228838E+03, 6.412000122E+02
 1.312766341E+03, 6.414000244E+02
 1.313303788E+03, 6.394000244E+02
 1.313841179E+03, 6.420000000E+02
 1.314378513E+03, 6.405999756E+02
 1.314915792E+03, 6.402000122E+02
 1.315453014E+03, 6.412000122E+02
 1.315990180E+03, 6.430000000E+02
 1.316527290E+03, 6.434000244E+02
 1.317064344E+03, 6.414000244E+02
 1.317601341E+03, 6.385999756E+02
 1.318138283E+03, 6.417999878E+02
 1.318675168E+03, 6.430000000E+02
 1.319211997E+03, 6.410000000E+02
 1.319748770E+03, 6.417999878E+02
 1.320285487E+03, 6.405999756E+02
 1.320822148E+03, 6.435999756E+02
 1.321358752E+03, 6.395999756E+02
 1.321895300E+03, 6.407999878E+02
 1.322431793E+03, 6.427999878E+02
 1.322968229E+03, 6.387999878E+02
 1.323504609E+03, 6.404000244E+02
 1.324040933E+03, 6.432000122E+02
 1.324577200E+03, 6.420000000E+02
 1.325113412E+03, 6.410000000E+02
 1.325649568E+03, 6.445999756E+02
 1.326185667E+03, 6.405999756E+02
 1.326721710E+03, 6.420000000E+02
 1.327257698E+03, 6.404000244E+02
 1.327793629E+03, 6.422000122E+02
 1.328329504E+03, 6.420000000E+02
 1.328865323E+03, 6.417999878E+02
 1.329401086E+03, 6.410000000E+02
 1.329936793E+03, 6.397999878E+02
 1.330472443E+03, 6.402000122E+02
 1.331008038E+03, 6.422000122E+02
 1.331543577E+03, 6.387999878E+02
 1.332079059E+03, 6.435999756E+02
 1.332614486E+03, 6.400000000E+02
 1.333149856E+03, 6.387999878E+02
 1.333685171E+03, 6.384000244E+02
 1.334220429E+03, 6.447999878E+02
 1.334755631E+03, 6.400000000E+02
 1.335290778E+03, 6.404000244E+02
 1.335825868E+03, 6.422000122E+02
 1.336360902E+03, 6.417999878E+02
 1.336895880E+03, 6.390000000E+02
 1.337430803E+03, 6.440000000E+02
 1.337965669E+03, 6.415999756E+02
 1.338500479E+03, 6.427999878E+02
 1.339035233E+03, 6.444000244E+02
 1.339569931E+03, 6.412000122E+02
 1.340104574E+03, 6.422000122E+02
 1.340639160E+03, 6.405999756E+02
 1.341173690E+03, 6.412000122E+02
 1.341708164E+03, 6.430000000E+02
 1.342242583E+03, 6.410000000E+02
 1.342776945E+03, 6.427999878E+02
 1.343311251E+03, 6.427999878E+02
 1.343845501E+03, 6.414000244E+02
 1.344379696E+03, 6.440000000E+02
 1.344913834E+03, 6.424000244E+02
 1.345447917E+03, 6.422000122E+02
 1.345981943E+03, 6.452000122E+02
 1.346515914E+03, 6.427999878E+02
 1.347049828E+03, 6.444000244E+02
 1.347583687E+03, 6.442000122E+02
 1.348117490E+03, 6.400000000E+02
 1.348651237E+03, 6.420000000E+02
 1.349184928E+03, 6.412000122E+02
 1.349718563E+03, 6.457999878E+02
 1.350252142E+03, 6.392000122E+02
 1.350785665E+03, 6.407999878E+02
 1.351319132E+03, 6.454000244E+02
 1.351852543E+03, 6.415999756E+02
 1.352385899E+03, 6.412000122E+02
 1.352919198E+03, 6.442000122E+02
 1.353452442E+03, 6.410000000E+02
 1.353985630E+03, 6.395999756E+02
 1.354518762E+03, 6.457999878E+02
 1.355051838E+03, 6.444000244E+02
 1.355584858E+03, 6.397999878E+02
 1.356117822E+03, 6.444000244E+02
 1.356650730E+03, 6.432000122E+02
 1.357183583E+03, 6.422000122E+02
 1.357716379E+03, 6.434000244E+02
 1.358249120E+03, 6.412000122E+02
 1.358781805E+03, 6.437999878E+02
 1.359314434E+03, 6.407999878E+02
 1.359847008E+03, 6.437999878E+02
 1.360379525E+03, 6.415999756E+02
 1.360911987E+03, 6.445999756E+02
 1.361444392E+03, 6.412000122E+02
 1.361976742E+03, 6.425999756E+02
 1.362509036E+03, 6.427999878E+02
 1.363041275E+03, 6.405999756E+02
 1.363573457E+03, 6.420000000E+02
 1.364105584E+03, 6.487999878E+02
 1.364637654E+03, 6.517999878E+02
 1.365169670E+03, 6.422000122E+02
 1.365701629E+03, 6.442000122E+02
 1.366233532E+03, 6.434000244E+02
 1.366765380E+03, 6.412000122E+02
 1.367297172E+03, 6.420000000E+02
 1.367828908E+03, 6.422000122E+02
 1.368360588E+03, 6.395999756E+02
 1.368892213E+03, 6.424000244E+02
 1.369423781E+03, 6.424000244E+02
 1.369955294E+03, 6.414000244E+02
 1.370486752E+03, 6.420000000E+02
 1.371018153E+03, 6.395999756E+02
 1.371549499E+03, 6.430000000E+02
 1.372080789E+03, 6.415999756E+02
 1.372612023E+03, 6.410000000E+02
 1.373143202E+03, 6.417999878E+02
 1.373674324E+03, 6.447999878E+02
 1.374205391E+03, 6.434000244E+02
 1.374736403E+03, 6.415999756E+02
 1.375267358E+03, 6.414000244E+02
 1.375798258E+03, 6.414000244E+02
 1.376329102E+03, 6.415999756E+02
 1.376859891E+03, 6.412000122E+02
 1.377390623E+03, 6.457999878E+02
 1.377921300E+03, 6.432000122E+02
 1.378451922E+03, 6.440000000E+02
 1.378982487E+03, 6.404000244E+02
 1.379512997E+03, 6.420000000E+02
 1.380043451E+03, 6.445999756E+02
 1.380573850E+03, 6.437999878E+02
 1.381104193E+03, 6.492000122E+02
 1.381634480E+03, 6.525999756E+02
 1.382164712E+03, 7.097999878E+02
 1.382694888E+03, 1.143800049E+03
 1.383225008E+03, 9.984000244E+02
 1.383755072E+03, 6.737999878E+02
 1.384285081E+03, 6.505999756E+02
 1.384815034E+03, 6.455999756E+02
 1.385344932E+03, 6.424000244E+02
 1.385874774E+03, 6.442000122E+02
 1.386404560E+03, 6.442000122E+02
 1.386934291E+03, 6.442000122E+02
 1.387463966E+03, 6.414000244E+02
 1.387993585E+03, 6.417999878E+02
 1.388523149E+03, 6.422000122E+02
 1.389052657E+03, 6.437999878E+02
 1.389582110E+03, 6.427999878E+02
 1.390111507E+03, 6.420000000E+02
 1.390640848E+03, 6.417999878E+02
 1.391170134E+03, 6.444000244E+02
 1.391699364E+03, 6.375999756E+02
 1.392228539E+03, 6.465999756E+02
 1.392757658E+03, 6.440000000E+02
 1.393286721E+03, 6.435999756E+02
 1.393815729E+03, 6.434000244E+02
 1.394344681E+03, 6.414000244E+02
 1.394873578E+03, 6.405999756E+02
 1.395402419E+03, 6.425999756E+02
 1.395931204E+03, 6.395999756E+02
 1.396459934E+03, 6.452000122E+02
 1.396988609E+03, 6.414000244E+02
 1.397517228E+03, 6.382000122E+02
 1.398045791E+03, 6.427999878E+02
 1.398574299E+03, 6.434000244E+02
 1.399102751E+03, 6.400000000E+02
 1.399631148E+03, 6.404000244E+02
 1.400159489E+03, 6.427999878E+02
 1.400687774E+03, 6.424000244E+02
 1.401216004E+03, 6.444000244E+02
 1.401744179E+03, 6.407999878E+02
 1.402272298E+03, 6.434000244E+02
 1.402800362E+03, 6.425999756E+02
 1.403328370E+03, 6.452000122E+02
 1.403856322E+03, 6.687999878E+02
 1.404384219E+03, 6.772000122E+02
 1.404912061E+03, 6.520000000E+02
 1.405439847E+03, 6.432000122E+02
 1.405967578E+03, 6.435999756E+02
 1.406495253E+03, 6.422000122E+02
 1.407022872E+03, 6.422000122E+02
 1.407550436E+03, 6.445999756E+02
 1.408077945E+03, 6.400000000E+02
 1.408605398E+03, 6.390000000E+02
 1.409132796E+03, 6.417999878E+02
 1.409660138E+03, 6.415999756E+02
 1.410187425E+03, 6.425999756E+02
 1.410714657E+03, 6.422000122E+02
 1.411241833E+03, 6.432000122E+02
 1.411768953E+03, 6.407999878E+02
 1.412296018E+03, 6.422000122E+02
 1.412823028E+03, 6.397999878E+02
 1.413349982E+03, 6.415999756E+02
 1.413876881E+03, 6.415999756E+02
 1.414403724E+03, 6.397999878E+02
 1.414930512E+03, 6.430000000E+02
 1.415457245E+03, 6.425999756E+02
 1.415983922E+03, 6.407999878E+02
 1.416510543E+03, 6.450000000E+02
 1.417037110E+03, 6.415999756E+02
 1.417563621E+03, 6.430000000E+02
 1.418090076E+03, 6.405999756E+02
 1.418616476E+03, 6.420000000E+02
 1.419142821E+03, 6.390000000E+02
 1.419669110E+03, 6.407999878E+02
 1.420195344E+03, 6.424000244E+02
 1.420721523E+03, 6.435999756E+02
 1.421247646E+03, 6.400000000E+02
 1.421773714E+03, 6.442000122E+02
 1.422299727E+03, 6.414000244E+02
 1.422825684E+03, 6.425999756E+02
 1.423351586E+03, 6.420000000E+02
 1.423877432E+03, 6.405999756E+02
 1.424403223E+03, 6.410000000E+02
 1.424928959E+03, 6.407999878E+02
 1.425454640E+03, 6.420000000E+02
 1.425980265E+03, 6.437999878E+02
 1.426505835E+03, 6.402000122E+02
 1.427031349E+03, 6.410000000E+02
 1.427556808E+03, 6.395999756E+02
 1.428082212E+03, 6.440000000E+02
 1.428607561E+03, 6.412000122E+02
 1.429132854E+03, 6.412000122E+02
 1.429658092E+03, 6.400000000E+02
 1.430183275E+03, 6.415999756E+02
 1.430708402E+03, 6.455999756E+02
 1.431233474E+03, 6.395999756E+02
 1.431758491E+03, 6.444000244E+02
 1.432283452E+03, 6.452000122E+02
 1.432808358E+03, 6.442000122E+02
 1.433333209E+03, 6.405999756E+02
 1.433858005E+03, 6.424000244E+02
 1.434382745E+03, 6.424000244E+02
 1.434907431E+03, 6.397999878E+02
 1.435432060E+03, 6.407999878E+02
 1.435956635E+03, 6.397999878E+02
 1.436481154E+03, 6.395999756E+02
 1.437005619E+03, 6.430000000E+02
 1.437530028E+03, 6.397999878E+02
 1.438054381E+03, 6.422000122E+02
 1.438578680E+03, 6.415999756E+02
 1.439102923E+03, 6.407999878E+02
 1.439627111E+03, 6.444000244E+02
 1.440151244E+03, 6.412000122E+02
 1.440675321E+03, 6.422000122E+02
 1.441199343E+03, 6.390000000E+02
 1.441723311E+03, 6.395999756E+02
 1.442247222E+03, 6.422000122E+02
 1.442771079E+03, 6.387999878E+02
 1.443294881E+03, 6.422000122E+02
 1.443818627E+03, 6.432000122E+02
 1.444342318E+03, 6.450000000E+02
 1.444865954E+03, 6.404000244E+02
 1.445389535E+03, 6.454000244E+02
 1.445913061E+03, 6.432000122E+02
 1.446436531E+03, 6.394000244E+02
 1.446959946E+03, 6.427999878E+02
 1.447483306E+03, 6.420000000E+02
 1.448006611E+03, 6.430000000E+02
 1.448529861E+03, 6.422000122E+02
 1.449053056E+03, 6.400000000E+02
 1.449576195E+03, 6.457999878E+02
 1.450099280E+03, 6.435999756E+02
 1.450622309E+03, 6.415999756E+02
 1.451145283E+03, 6.410000000E+02
 1.451668202E+03, 6.414000244E+02
 1.452191066E+03, 6.415999756E+02
 1.452713874E+03, 6.382000122E+02
 1.453236628E+03, 6.415999756E+02
 1.453759326E+03, 6.402000122E+02
 1.454281970E+03, 6.397999878E+02
 1.454804558E+03, 6.370000000E+02
 1.455327091E+03, 6.402000122E+02
 1.455849569E+03, 6.427999878E+02
 1.456371992E+03, 6.392000122E+02
 1.456894360E+03, 6.420000000E+02
 1.457416673E+03, 6.385999756E+02
 1.457938931E+03, 6.382000122E+02
 1.458461133E+03, 6.407999878E+02
 1.458983281E+03, 6.375999756E+02
 1.459505373E+03, 6.420000000E+02
 1.460027411E+03, 6.390000000E+02
 1.460549393E+03, 6.400000000E+02
 1.461071320E+03, 6.420000000E+02
 1.461593193E+03, 6.447999878E+02
 1.462115010E+03, 6.414000244E+02
 1.462636772E+03, 6.410000000E+02
 1.463158479E+03, 6.402000122E+02
 1.463680131E+03, 6.422000122E+02
 1.464201728E+03, 6.385999756E+02
 1.464723270E+03, 6.447999878E+02
 1.465244757E+03, 6.394000244E+02
 1.465766189E+03, 6.434000244E+02
 1.466287566E+03, 6.402000122E+02
 1.466808888E+03, 6.395999756E+02
 1.467330155E+03, 6.394000244E+02
 1.467851367E+03, 6.405999756E+02
 1.468372524E+03, 6.420000000E+02
 1.468893626E+03, 6.414000244E+02
 1.469414673E+03, 6.392000122E+02
 1.469935665E+03, 6.420000000E+02
 1.470456602E+03, 6.402000122E+02
 1.470977484E+03, 6.400000000E+02
 1.471498311E+03, 6.440000000E+02
 1.472019083E+03, 6.410000000E+02
 1.472539800E+03, 6.434000244E+02
 1.473060462E+03, 6.402000122E+02
 1.473581069E+03, 6.367999878E+02
 1.474101622E+03, 6.427999878E+02
 1.474622119E+03, 6.400000000E+02
 1.475142561E+03, 6.427999878E+02
 1.475662949E+03, 6.417999878E+02
 1.476183281E+03, 6.440000000E+02
 1.476703559E+03, 6.420000000E+02
 1.477223781E+03, 6.397999878E+02
 1.477743949E+03, 6.405999756E+02
 1.478264062E+03, 6.390000000E+02
 1.478784119E+03, 6.400000000E+02
 1.479304122E+03, 6.384000244E+02
 1.479824070E+03, 6.435999756E+02
 1.480343963E+03, 6.420000000E+02
 1.480863802E+03, 6.390000000E+02
 1.481383585E+03, 6.420000000E+02
 1.481903313E+03, 6.422000122E+02
 1.482422987E+03, 6.405999756E+02
 1.482942606E+03, 6.422000122E+02
 1.483462169E+03, 6.374000244E+02
 1.483981678E+03, 6.425999756E+02
 1.484501132E+03, 6.360000000E+02
 1.485020531E+03, 6.414000244E+02
 1.485539876E+03, 6.434000244E+02
 1.486059165E+03, 6.420000000E+02
 1.486578400E+03, 6.400000000E+02
 1.487097579E+03, 6.392000122E+02
 1.487616704E+03, 6.407999878E+02
 1.488135774E+03, 6.410000000E+02
 1.488654789E+03, 6.380000000E+02
 1.489173750E+03, 6.450000000E+02
 1.489692655E+03, 6.380000000E+02
 1.490211506E+03, 6.400000000E+02
 1.490730302E+03, 6.377999878E+02
 1.491249043E+03, 6.424000244E+02
 1.491767729E+03, 6.420000000E+02
 1.492286360E+03, 6.415999756E+02
 1.492804937E+03, 6.437999878E+02
 1.493323459E+03, 6.390000000E+02
 1.493841926E+03, 6.440000000E+02
 1.494360338E+03, 6.415999756E+02
 1.494878695E+03, 6.400000000E+02
 1.495396998E+03, 6.425999756E+02
 1.495915246E+03, 6.422000122E+02
 1.496433439E+03, 6.372000122E+02
 1.496951577E+03, 6.370000000E+02
 1.497469661E+03, 6.400000000E+02
 1.497987689E+03, 6.392000122E+02
 1.498505663E+03, 6.425999756E+02
 1.499023583E+03, 6.425999756E+02
 1.499541447E+03, 6.425999756E+02
 1.500059257E+03, 6.394000244E+02
 1.500577012E+03, 6.405999756E+02
 1.501094712E+03, 6.407999878E+02
 1.501612358E+03, 6.430000000E+02
 1.502129948E+03, 6.414000244E+02
 1.502647485E+03, 6.394000244E+02
 1.503164966E+03, 6.444000244E+02
 1.503682392E+03, 6.414000244E+02
 1.504199764E+03, 6.402000122E+02
 1.504717082E+03, 6.412000122E+02
 1.505234344E+03, 6.410000000E+02
 1.505751552E+03, 6.412000122E+02
 1.506268705E+03, 6.414000244E+02
 1.506785803E+03, 6.410000000E+02
 1.507302847E+03, 6.397999878E+02
 1.507819836E+03, 6.395999756E+02
 1.508336770E+03, 6.400000000E+02
 1.508853650E+03, 6.387999878E+02
 1.509370475E+03, 6.417999878E+02
 1.509887245E+03, 6.412000122E+02
 1.510403961E+03, 6.432000122E+02
 1.510920622E+03, 6.424000244E+02
 1.511437228E+03, 6.440000000E+02
 1.511953779E+03, 6.412000122E+02
 1.512470276E+03, 6.402000122E+02
 1.512986719E+03, 6.412000122E+02
 1.513503106E+03, 6.390000000E+02
 1.514019439E+03, 6.417999878E+02
 1.514535718E+03, 6.437999878E+02
 1.515051942E+03, 6.417999878E+02
 1.515568111E+03, 6.422000122E+02
 1.516084225E+03, 6.424000244E+02
 1.516600285E+03, 6.394000244E+02
 1.517116291E+03, 6.407999878E+02
 1.517632241E+03, 6.400000000E+02
 1.518148137E+03, 6.422000122E+02
 1.518663979E+03, 6.390000000E+02
 1.519179766E+03, 6.400000000E+02
 1.519695498E+03, 6.410000000E+02
 1.520211176E+03, 6.412000122E+02
 1.520726799E+03, 6.402000122E+02
 1.521242367E+03, 6.417999878E+02
 1.521757881E+03, 6.387999878E+02
 1.522273341E+03, 6.424000244E+02
 1.522788745E+03, 6.407999878E+02
 1.523304096E+03, 6.402000122E+02
 1.523819391E+03, 6.404000244E+02
 1.524334632E+03, 6.427999878E+02
 1.524849819E+03, 6.382000122E+02
 1.525364951E+03, 6.435999756E+02
 1.525880029E+03, 6.382000122E+02
 1.526395052E+03, 6.434000244E+02
 1.526910020E+03, 6.390000000E+02
 1.527424934E+03, 6.442000122E+02
 1.527939793E+03, 6.405999756E+02
 1.528454598E+03, 6.444000244E+02
 1.528969348E+03, 6.405999756E+02
 1.529484044E+03, 6.452000122E+02
 1.529998685E+03, 6.405999756E+02
 1.530513272E+03, 6.427999878E+02
 1.531027804E+03, 6.420000000E+02
 1.531542282E+03, 6.417999878E+02
 1.532056705E+03, 6.427999878E+02
 1.532571074E+03, 6.414000244E+02
 1.533085388E+03, 6.415999756E+02
 1.533599648E+03, 6.365999756E+02
 1.534113854E+03, 6.405999756E+02
 1.534628004E+03, 6.392000122E+02
 1.535142101E+03, 6.397999878E+02
 1.535656143E+03, 6.395999756E+02
 1.536170130E+03, 6.417999878E+02
 1.536684063E+03, 6.400000000E+02
 1.537197942E+03, 6.412000122E+02
 1.537711766E+03, 6.392000122E+02
 1.538225535E+03, 6.402000122E+02
 1.538739251E+03, 6.412000122E+02
 1.539252911E+03, 6.410000000E+02
 1.539766518E+03, 6.427999878E+02
 1.540280070E+03, 6.372000122E+02
 1.540793567E+03, 6.415999756E+02
 1.541307010E+03, 6.390000000E+02
 1.541820399E+03, 6.447999878E+02
 1.542333733E+03, 6.405999756E+02
 1.542847013E+03, 6.395999756E+02
 1.543360238E+03, 6.395999756E+02
 1.543873409E+03, 6.427999878E+02
 1.544386526E+03, 6.414000244E+02
 1.544899588E+03, 6.420000000E+02
 1.545412596E+03, 6.447999878E+02
 1.545925549E+03, 6.417999878E+02
 1.546438448E+03, 6.417999878E+02
 1.546951293E+03, 6.414000244E+02
 1.547464083E+03, 6.382000122E+02
 1.547976819E+03, 6.417999878E+02
 1.548489501E+03, 6.394000244E+02
 1.549002128E+03, 6.400000000E+02
 1.549514701E+03, 6.425999756E+02
 1.550027219E+03, 6.412000122E+02
 1.550539683E+03, 6.412000122E+02
 1.551052093E+03, 6.404000244E+02
 1.551564449E+03, 6.384000244E+02
 1.552076750E+03, 6.405999756E+02
 1.552588997E+03, 6.374000244E+02
 1.553101189E+03, 6.425999756E+02
 1.553613327E+03, 6.390000000E+02
 1.554125411E+03, 6.424000244E+02
 1.554637441E+03, 6.424000244E+02
 1.555149416E+03, 6.395999756E+02
 1.555661337E+03, 6.394000244E+02
 1.556173203E+03, 6.367999878E+02
 1.556685016E+03, 6.404000244E+02
 1.557196774E+03, 6.407999878E+02
 1.557708477E+03, 6.405999756E+02
 1.558220127E+03, 6.375999756E+02
 1.558731722E+03, 6.385999756E+02
 1.559243263E+03, 6.412000122E+02
 1.559754749E+03, 6.434000244E+02
 1.560266182E+03, 6.405999756E+02
 1.560777560E+03, 6.397999878E+02
 1.561288884E+03, 6.405999756E+02
 1.561800153E+03, 6.390000000E+02
 1.562311368E+03, 6.412000122E+02
 1.562822530E+03, 6.427999878E+02
 1.563333636E+03, 6.384000244E+02
 1.563844689E+03, 6.415999756E+02
 1.564355687E+03, 6.430000000E+02
 1.564866631E+03, 6.404000244E+02
 1.565377521E+03, 6.412000122E+02
 1.565888357E+03, 6.404000244E+02
 1.566399138E+03, 6.415999756E+02
 1.566909865E+03, 6.430000000E+02
 1.567420538E+03, 6.394000244E+02
 1.567931157E+03, 6.410000000E+02
 1.568441722E+03, 6.404000244E+02
 1.568952232E+03, 6.390000000E+02
 1.569462688E+03, 6.384000244E+02
 1.569973090E+03, 6.435999756E+02
 1.570483438E+03, 6.407999878E+02
 1.570993732E+03, 6.422000122E+02
 1.571503971E+03, 6.400000000E+02
 1.572014156E+03, 6.415999756E+02
 1.572524287E+03, 6.392000122E+02
 1.573034364E+03, 6.407999878E+02
 1.573544387E+03, 6.427999878E+02
 1.574054356E+03, 6.420000000E+02
 1.574564270E+03, 6.432000122E+02
 1.575074131E+03, 6.412000122E+02
 1.575583937E+03, 6.422000122E+02
 1.576093689E+03, 6.420000000E+02
 1.576603387E+03, 6.400000000E+02
 1.577113030E+03, 6.437999878E+02
 1.577622620E+03, 6.414000244E+02
 1.578132155E+03, 6.414000244E+02
 1.578641637E+03, 6.412000122E+02
 1.579151064E+03, 6.405999756E+02
 1.579660437E+03, 6.452000122E+02
 1.580169756E+03, 6.417999878E+02
 1.580679021E+03, 6.397999878E+02
 1.581188232E+03, 6.395999756E+02
 1.581697389E+03, 6.432000122E+02
 1.582206491E+03, 6.362000122E+02
 1.582715540E+03, 6.407999878E+02
 1.583224534E+03, 6.430000000E+02
 1.583733475E+03, 6.405999756E+02
 1.584242361E+03, 6.414000244E+02
 1.584751193E+03, 6.437999878E+02
 1.585259971E+03, 6.402000122E+02
 1.585768695E+03, 6.427999878E+02
 1.586277365E+03, 6.412000122E+02
 1.586785981E+03, 6.432000122E+02
 1.587294543E+03, 6.395999756E+02
 1.587803051E+03, 6.414000244E+02
 1.588311505E+03, 6.397999878E+02
 1.588819905E+03, 6.425999756E+02
 1.589328251E+03, 6.387999878E+02
 1.589836542E+03, 6.412000122E+02
 1.590344780E+03, 6.394000244E+02
 1.590852964E+03, 6.404000244E+02
 1.591361093E+03, 6.390000000E+02
 1.591869169E+03, 6.420000000E+02
 1.592377191E+03, 6.397999878E+02
 1.592885158E+03, 6.415999756E+02
 1.593393072E+03, 6.437999878E+02
 1.593900932E+03, 6.370000000E+02
 1.594408737E+03, 6.414000244E+02
 1.594916489E+03, 6.394000244E+02
 1.595424187E+03, 6.387999878E+02
 1.595931830E+03, 6.405999756E+02
 1.596439420E+03, 6.397999878E+02
 1.596946956E+03, 6.435999756E+02
 1.597454438E+03, 6.384000244E+02
 1.597961865E+03, 6.437999878E+02
 1.598469239E+03, 6.417999878E+02
 1.598976559E+03, 6.435999756E+02
 1.599483825E+03, 6.397999878E+02
 1.599991037E+03, 6.422000122E+02
 1.600498195E+03, 6.382000122E+02
 1.601005299E+03, 6.415999756E+02
 1.601512349E+03, 6.387999878E+02
 1.602019346E+03, 6.382000122E+02
 1.602526288E+03, 6.397999878E+02
 1.603033176E+03, 6.417999878E+02
 1.603540011E+03, 6.410000000E+02
 1.604046791E+03, 6.417999878E+02
 1.604553518E+03, 6.407999878E+02
 1.605060191E+03, 6.404000244E+02
 1.605566809E+03, 6.387999878E+02
 1.606073374E+03, 6.345999756E+02
